Data;Ordine #;Transazioni;Simbolo;Nome;ISIN;Quantità;Prezzo unit.;Costi;Interesse maturati;Importo netto;Saldo;Valuta
26-10-2025 17:18:33;266739405;Vendita;ETH;"ETH";EX0X00ETH000;0.5;4050.50;20.25;0.00;2005.00;6100.48;USD
25-10-2025 08:05:21;266708966;Acquisto;ETH;"ETH";EX0X00ETH000;0.5;3930.00;19.65;0.00;-1984.65;4095.48;USD
24-10-2025 15:36:16;266657248;Rettif. costi Borsa;INTC;"INTEL ORD";US4581401001;1.0;0.01;0.00;0.00;0.01;6080.13;USD
24-10-2025 15:35:36;266655472;Rettif. costi Borsa;INTC;"INTEL ORD";US4581401001;1.0;0.02;0.00;0.00;0.02;6080.12;USD
24-10-2025 15:33:18;266655762;Rettif. costi Borsa;TSLA;"TESLA ORD";US88160R1014;1.0;0.04;0.00;0.00;0.04;6080.10;USD
24-10-2025 15:33:14;266655462;Rettif. costi Borsa;INTC;"INTEL ORD";US4581401001;1.0;0.02;0.00;0.00;0.02;6080.06;USD
24-10-2025 15:31:57;266657248;Vendita;INTC;"INTEL ORD";US4581401001;10.0;40.0203;3.61;0.00;396.59;6080.04;USD
24-10-2025 15:31:46;266655546;Rettif. costi Borsa;TSLA;"TESLA ORD";US88160R1014;1.0;0.04;0.00;0.00;0.04;5683.45;USD
24-10-2025 15:30:39;266655472;Vendita;INTC;"INTEL ORD";US4581401001;15.0;41.00;2.93;0.00;612.07;5683.41;USD
24-10-2025 15:30:39;266655472;Vendita;INTC;"INTEL ORD";US4581401001;5.0;41.00;3.32;0.00;201.68;5071.34;USD
24-10-2025 15:30:17;266655762;Vendita;TSLA;"TESLA ORD";US88160R1014;3.0;449.00;9.05;0.00;1337.95;4869.66;USD
24-10-2025 15:30:17;266655762;Vendita;TSLA;"TESLA ORD";US88160R1014;1.0;449.00;3.68;0.00;445.32;3531.71;USD
24-10-2025 15:30:17;266655462;Vendita;INTC;"INTEL ORD";US4581401001;15.0;40.50;2.93;0.00;604.57;3086.39;USD
24-10-2025 15:30:16;266655462;Vendita;INTC;"INTEL ORD";US4581401001;5.0;40.50;3.31;0.00;199.19;2481.82;USD
24-10-2025 15:30:09;266655546;Vendita;TSLA;"TESLA ORD";US88160R1014;4.0;447.08;12.72;0.00;1775.60;2282.63;USD
24-10-2025 11:09:33;266631272;Acquisto;ZGLD;"Swisscanto GOLD ETF";CH0139101593;2.0;961.00;13.30;0.00;-1935.30;63.00;CHF
23-10-2025 19:05:01;266544177;Accredito Forex;;;;1.0;1800.00;0.00;0.00;1800.00;1998.30;CHF
23-10-2025 19:05:01;266544177;Addebito Forex;;;;1.0;2283.72;0.00;0.00;-2283.72;507.03;USD
23-10-2025 18:59:53;266544041;Acquisto;INTC;"INTEL ORD";US4581401001;18.0;37.50;3.02;0.00;-678.02;2790.75;USD
23-10-2025 18:59:53;266544041;Acquisto;INTC;"INTEL ORD";US4581401001;7.0;37.50;3.39;0.00;-265.89;3468.77;USD
23-10-2025 18:59:48;266486648;Rettif. costi Borsa;TSLA;"TESLA ORD";US88160R1014;1.0;0.02;0.00;0.00;0.02;3734.66;USD
23-10-2025 18:59:45;266486648;Vendita;TSLA;"TESLA ORD";US88160R1014;1.0;445.00;2.68;0.00;442.32;3734.64;USD
23-10-2025 18:59:45;266486648;Vendita;TSLA;"TESLA ORD";US88160R1014;1.0;445.00;3.68;0.00;441.32;3292.32;USD
23-10-2025 18:53:45;266487150;Rettif. costi Borsa;TSLA;"TESLA ORD";US88160R1014;1.0;0.02;0.00;0.00;0.02;2851.00;USD
23-10-2025 18:53:43;266487150;Vendita;TSLA;"TESLA ORD";US88160R1014;1.0;443.00;2.68;0.00;440.32;2850.98;USD
23-10-2025 18:53:43;266487150;Vendita;TSLA;"TESLA ORD";US88160R1014;1.0;443.00;3.67;0.00;439.33;2410.66;USD
23-10-2025 18:44:17;266487117;Rettif. costi Borsa;TSLA;"TESLA ORD";US88160R1014;1.0;0.02;0.00;0.00;0.02;1971.33;USD
23-10-2025 18:44:16;266487117;Vendita;TSLA;"TESLA ORD";US88160R1014;1.0;441.00;2.67;0.00;438.33;1971.31;USD
23-10-2025 18:44:16;266487117;Vendita;TSLA;"TESLA ORD";US88160R1014;1.0;441.00;3.67;0.00;437.33;1532.98;USD
23-10-2025 18:40:19;266487083;Rettif. costi Borsa;TSLA;"TESLA ORD";US88160R1014;1.0;0.02;0.00;0.00;0.02;1095.65;USD
23-10-2025 18:40:16;266487083;Vendita;TSLA;"TESLA ORD";US88160R1014;1.0;439.00;2.67;0.00;436.33;1095.63;USD
23-10-2025 18:40:15;266487083;Vendita;TSLA;"TESLA ORD";US88160R1014;1.0;439.00;3.67;0.00;435.33;659.30;USD
23-10-2025 05:11:35;00000000;Prelevamento;;;;1.0;44000.00;0.00;0.00;-44000.00;198.30;CHF
22-10-2025 20:08:08;266407489;Acquisto;TSLA;"TESLA ORD";US88160R1014;10.0;431.50;26.47;0.00;-4341.47;223.97;USD
22-10-2025 20:08:07;266407489;Acquisto;TSLA;"TESLA ORD";US88160R1014;4.0;431.50;12.59;0.00;-1738.59;4565.44;USD
22-10-2025 20:04:01;266406748;Accredito Forex;;;;1.0;6227.05;0.00;0.00;6227.05;6304.03;USD
22-10-2025 20:04:01;266406748;Addebito Forex;;;;1.0;5000.00;0.00;0.00;-5000.00;44198.30;CHF
22-10-2025 18:36:38;266399670;Accredito Forex;;;;1.0;4883.56;0.00;0.00;4883.56;49198.30;CHF
22-10-2025 18:36:38;266399670;Addebito Forex;;;;1.0;6200.00;0.00;0.00;-6200.00;76.98;USD
22-10-2025 18:35:45;266399621;Rettif. costi Borsa;PLTR;"PALANTIR TECHNOLOGIES CL A ORD";US69608A1088;1.0;0.02;0.00;0.00;0.02;6276.98;USD
22-10-2025 18:35:44;266399621;Vendita;PLTR;"PALANTIR TECHNOLOGIES CL A ORD";US69608A1088;5.0;171.755;6.31;0.00;852.47;6276.96;USD
22-10-2025 18:35:07;266399888;Rettif. costi Borsa;COIN;"COINBASE GLOBAL CL A ORD";US19260Q1076;1.0;0.07;0.00;0.00;0.07;5424.49;USD
22-10-2025 18:35:05;266399888;Vendita;COIN;"COINBASE GLOBAL CL A ORD";US19260Q1076;10.0;314.27;34.78;0.00;3107.92;5424.42;USD
22-10-2025 18:34:59;266399597;Rettif. costi Borsa;AMZN;"AMAZON COM ORD";US0231351067;1.0;0.05;0.00;0.00;0.05;2316.50;USD
22-10-2025 18:34:56;266399597;Vendita;AMZN;"AMAZON COM ORD";US0231351067;7.0;218.55;27.33;0.00;1502.52;2316.45;USD
22-10-2025 18:34:56;266399597;Vendita;AMZN;"AMAZON COM ORD";US0231351067;3.0;218.55;6.00;0.00;649.65;813.93;USD
22-10-2025 11:11:26;00000000;Prelevamento;;;;1.0;15000.00;0.00;0.00;-15000.00;0.00;EUR
22-10-2025 11:04:52;266340061;Accredito Forex;;;;1.0;15000.00;0.00;0.00;15000.00;15000.00;EUR
22-10-2025 11:04:52;266340061;Addebito Forex;;;;1.0;13982.25;0.00;0.00;-13982.25;44314.74;CHF
22-10-2025 11:02:55;266339966;Accredito Forex;;;;1.0;4731.13;0.00;0.00;4731.13;58296.99;CHF
22-10-2025 11:02:55;266339966;Addebito Forex;;;;1.0;6000.00;0.00;0.00;-6000.00;164.28;USD
22-10-2025 10:54:24;266338998;Vendita;BTC;"BTC";EX0X00XBT000;0.04;108284.00;43.31;0.00;4288.05;6164.28;USD
22-10-2025 10:54:23;266338998;Vendita;BTC;"BTC";EX0X00XBT000;0.01;108285.00;10.83;0.00;1072.02;1876.23;USD
22-10-2025 10:53:36;266338943;Vendita;ZGLD;"Swisscanto GOLD ETF";CH0139101593;55.0;965.10;59.10;0.00;53021.40;53565.86;CHF
22-10-2025 10:22:07;266337393;Acquisto;ZGLD;"Swisscanto GOLD ETF";CH0139101593;55.0;968.87;49.80;0.00;-53337.65;544.46;CHF
22-10-2025 10:15:19;266334552;Vendita;ZGLD;"Swisscanto GOLD ETF";CH0139101593;55.0;958.20;58.80;0.00;52642.20;53882.11;CHF
22-10-2025 09:58:57;266336457;Acquisto;ZGLD;"Swisscanto GOLD ETF";CH0139101593;15.0;975.00;24.50;0.00;-14649.50;1239.91;CHF
22-10-2025 09:54:30;266332775;Acquisto;ZGLD;"Swisscanto GOLD ETF";CH0139101593;10.0;977.00;20.15;0.00;-9790.15;15889.41;CHF
22-10-2025 09:31:41;266306201;Acquisto;ZGLD;"Swisscanto GOLD ETF";CH0139101593;10.0;977.00;20.15;0.00;-9790.15;25679.56;CHF
22-10-2025 09:02:29;266264475;Acquisto;ZGLD;"Swisscanto GOLD ETF";CH0139101593;10.0;980.00;20.15;0.00;-9820.15;35469.71;CHF
22-10-2025 09:01:04;266263350;Acquisto;ZGLD;"Swisscanto GOLD ETF";CH0139101593;10.0;980.70;20.15;0.00;-9827.15;45289.86;CHF
22-10-2025 05:51:34;266253070;Acquisto;BTC;"BTC";EX0X00XBT000;0.01;108204.00;10.82;0.00;-1092.86;804.21;USD
22-10-2025 05:51:34;266253070;Acquisto;BTC;"BTC";EX0X00XBT000;0.04;108205.00;43.28;0.00;-4371.48;1897.07;USD
21-10-2025 15:45:49;266110264;Rettif. costi Borsa;NVTS;"NAVITAS SEMICONDUCTOR ORD";US63942X1063;1.0;0.04;0.00;0.00;0.04;6268.55;USD
21-10-2025 15:45:48;266110264;Vendita;NVTS;"NAVITAS SEMICONDUCTOR ORD";US63942X1063;16.0;15.50;0.39;0.00;247.61;6268.51;USD
21-10-2025 15:45:48;266110264;Vendita;NVTS;"NAVITAS SEMICONDUCTOR ORD";US63942X1063;84.0;15.50;11.98;0.00;1290.02;6020.90;USD
21-10-2025 11:27:59;266173182;Vendita;ZSIL;"Swisscanto Silver ETF-A CHF";CH0183135976;100.0;113.18;21.55;0.00;11296.45;55117.01;CHF
21-10-2025 11:18:51;266172207;Vendita;ZGLD;"Swisscanto GOLD ETF";CH0139101593;55.0;1004.00;61.05;0.00;55158.95;43820.56;CHF
20-10-2025 20:57:20;266109208;Acquisto;NVTS;"NAVITAS SEMICONDUCTOR ORD";US63942X1063;100.0;17.0099;12.55;0.00;-1713.54;4730.88;USD
20-10-2025 20:31:52;266106743;Acquisto;AMZN;"AMAZON COM ORD";US0231351067;7.0;215.74;27.27;0.00;-1537.45;6444.42;USD
20-10-2025 20:31:51;266106743;Acquisto;AMZN;"AMAZON COM ORD";US0231351067;3.0;215.74;5.97;0.00;-653.19;7981.87;USD
20-10-2025 19:37:39;266103265;Vendita;BTC;"BTC";EX0X00XBT000;0.02;109988.00;22.00;0.00;2177.76;8635.06;USD
20-10-2025 18:48:23;266099591;Vendita;XRP;"XRP";EX0X00XRP000;1000.0;2.42972;24.30;0.00;2405.42;6457.30;USD
20-10-2025 18:00:30;266095651;Vendita;ETH;"ETH";EX0X00ETH000;1.0;3984.80;39.85;0.00;3944.95;4051.88;USD
20-10-2025 16:05:37;266045982;Acquisto;PLTR;"PALANTIR TECHNOLOGIES CL A ORD";US69608A1088;5.0;180.135;6.35;0.00;-907.03;106.93;USD
20-10-2025 15:31:22;266011068;Acquisto;TSLA;"TESLA ORD";US88160R1014;2.0;444.54;6.33;0.00;-895.41;1013.96;USD
20-10-2025 15:31:17;265995049;Acquisto;INTC;"INTEL ORD";US4581401001;25.0;37.75;6.42;0.00;-950.17;1909.37;USD
20-10-2025 09:51:32;265990094;Acquisto;ZSIL;"Swisscanto Silver ETF-A CHF";CH0183135976;100.0;117.76;21.95;0.00;-11797.95;-11338.39;CHF
20-10-2025 09:01:09;265965510;Acquisto;ZGLD;"Swisscanto GOLD ETF";CH0139101593;5.0;998.80;15.85;0.00;-5009.85;459.56;CHF
20-10-2025 04:10:59;00000000;Pagamento;;;;1.0;100.00;0.00;0.00;100.00;5469.41;CHF
18-10-2025 10:19:16;265905788;Acquisto;ETH;"ETH";EX0X00ETH000;1.0;3896.80;38.97;0.00;-3935.77;2859.54;USD
18-10-2025 10:18:14;265905996;Acquisto;XRP;"XRP";EX0X00XRP000;1000.0;2.35706;23.57;0.00;-2380.63;6795.31;USD
18-10-2025 10:15:44;265905757;Acquisto;BTC;"BTC";EX0X00XBT000;0.01;106936.00;10.69;0.00;-1080.05;9175.94;USD
18-10-2025 10:15:44;265905757;Acquisto;BTC;"BTC";EX0X00XBT000;0.01;106934.00;10.69;0.00;-1080.03;10255.99;USD
17-10-2025 17:05:13;265867534;Acquisto;ZGLD;"Swisscanto GOLD ETF";CH0139101593;18.0;1000.00;27.55;0.00;-18027.55;5369.41;CHF
17-10-2025 16:11:08;265851589;Vendita;ZSILUS;"Swisscanto Silver ETF-A USD";CH0183136008;23.0;465.6288;17.88;0.00;10691.58;11336.02;USD
17-10-2025 16:10:51;265851569;Vendita;ZSIL;"Swisscanto Silver ETF-A CHF";CH0183135976;200.0;117.10;32.40;0.00;23387.60;23396.96;CHF
17-10-2025 09:05:26;265608432;Acquisto;ZSILUS;"Swisscanto Silver ETF-A USD";CH0183136008;4.0;487.00;13.85;0.00;-1961.85;644.44;USD
17-10-2025 08:28:57;265607705;Vendita;BTC;"BTC";EX0X00XBT000;0.01;107853.00;10.79;0.00;1067.74;2606.29;USD
17-10-2025 08:28:51;265607705;Vendita;BTC;"BTC";EX0X00XBT000;0.01;107853.00;10.79;0.00;1067.74;1538.55;USD
16-10-2025 10:12:29;265425277;Acquisto;ZSILUS;"Swisscanto Silver ETF-A USD";CH0183136008;4.0;474.00;13.78;0.00;-1909.78;470.81;USD
15-10-2025 20:36:42;265355087;Rettif. costi Borsa;RACE;"FERRARI ORD";NL0011585146;1.0;0.04;0.00;0.00;0.04;2380.59;USD
15-10-2025 20:36:40;265355087;Vendita;RACE;"FERRARI ORD";NL0011585146;5.0;390.85;12.97;0.00;1941.28;2380.55;USD
15-10-2025 17:14:20;265332953;Acquisto;ZSILUS;"Swisscanto Silver ETF-A USD";CH0183136008;10.0;474.00;16.00;0.00;-4756.00;439.27;USD
15-10-2025 16:45:08;265328384;Vendita;ZSILUS;"Swisscanto Silver ETF-A USD";CH0183136008;5.0;470.85;14.12;0.00;2340.13;5195.27;USD
15-10-2025 16:42:22;265327932;Rettif. costi Borsa;CRWV;"COREWEAVE CL A ORD";US21873S1087;1.0;0.06;0.00;0.00;0.06;2855.14;USD
15-10-2025 16:42:20;265327932;Vendita;CRWV;"COREWEAVE CL A ORD";US21873S1087;15.0;140.00;28.19;0.00;2071.81;2855.08;USD
15-10-2025 16:42:20;265327932;Vendita;CRWV;"COREWEAVE CL A ORD";US21873S1087;5.0;140.00;6.07;0.00;693.93;783.27;USD
15-10-2025 13:00:58;265300878;Acquisto;ZSILUS;"Swisscanto Silver ETF-A USD";CH0183136008;10.0;470.00;15.96;0.00;-4715.96;89.34;USD
15-10-2025 10:30:10;265266083;Vendita;XRP;"XRP";EX0X00XRP000;1000.0;2.53;25.30;0.00;2504.70;4805.30;USD
15-10-2025 10:26:53;265265612;Vendita;ETH;"ETH";EX0X00ETH000;0.5;4160.00;20.80;0.00;2059.20;2300.60;USD
14-10-2025 21:55:02;265223359;Acquisto;CRWV;"COREWEAVE CL A ORD";US21873S1087;20.0;134.00;34.02;0.00;-2714.02;241.40;USD
14-10-2025 21:38:07;265221863;Acquisto;XRP;"XRP";EX0X00XRP000;200.0;2.48;4.96;0.00;-500.96;2955.42;USD
14-10-2025 18:52:48;265208984;Acquisto;COIN;"COINBASE GLOBAL CL A ORD";US19260Q1076;10.0;350.0363;35.25;0.00;-3535.61;3456.38;USD
14-10-2025 16:10:11;265190301;Acquisto;NVDA;"NVIDIA ORD";US67066G1040;10.0;181.4599;12.72;0.00;-1827.32;6991.99;USD
14-10-2025 16:06:38;265189643;Accredito Forex;;;;1.0;70.00;0.00;0.00;70.00;9.36;CHF
14-10-2025 16:06:38;265189643;Addebito Forex;;;;1.0;87.95;0.00;0.00;-87.95;8819.31;USD
14-10-2025 15:37:52;265176839;Acquisto;BTC;"BTC";EX0X00XBT000;0.01;110000.00;11.00;0.00;-1111.00;8907.26;USD
14-10-2025 15:37:23;265170772;Acquisto;XRP;"XRP";EX0X00XRP000;400.0;2.40;9.60;0.00;-969.60;10018.26;USD
14-10-2025 15:32:45;265076311;Rettif. costi Borsa;INTC;"INTEL ORD";US4581401001;1.0;0.08;0.00;0.00;0.08;10987.86;USD
14-10-2025 15:30:20;265076311;Vendita;INTC;"INTEL ORD";US4581401001;100.0;35.77;35.45;0.00;3541.55;10987.78;USD
14-10-2025 12:00:22;00000000;Servizi Paganti;;;;1.0;-10.00;0.00;0.00;-10.00;7446.23;USD
14-10-2025 09:03:54;265111045;Acquisto;ZSIL;"Swisscanto Silver ETF-A CHF";CH0183135976;100.0;118.76;22.05;0.00;-11898.05;-60.64;CHF
14-10-2025 08:44:20;265108837;Acquisto;ETH;"ETH";EX0X00ETH000;0.25;4000.00;10.00;0.00;-1010.00;7456.23;USD
14-10-2025 05:09:47;265093365;Accredito Forex;;;;1.0;600.00;0.00;0.00;600.00;11837.41;CHF
14-10-2025 05:09:47;265093365;Addebito Forex;;;;1.0;753.21;0.00;0.00;-753.21;8466.23;USD
13-10-2025 21:09:03;265070391;Acquisto;NVDA;"NVIDIA ORD";US67066G1040;10.0;187.7099;12.82;0.00;-1889.92;9219.44;USD
13-10-2025 21:01:28;265069548;Acquisto;INTC;"INTEL ORD";US4581401001;100.0;37.00;35.55;0.00;-3735.55;11109.36;USD
13-10-2025 20:30:53;265066631;Acquisto;RACE;"FERRARI ORD";NL0011585146;3.0;380.00;6.71;0.00;-1146.71;14844.91;USD
13-10-2025 20:30:53;265066631;Acquisto;RACE;"FERRARI ORD";NL0011585146;2.0;380.00;6.14;0.00;-766.14;15991.62;USD
13-10-2025 09:02:53;264892232;Acquisto;ZSIL;"Swisscanto Silver ETF-A CHF";CH0183135976;38.0;117.96;4.00;0.00;-4486.50;11237.41;CHF
13-10-2025 09:02:53;264892232;Acquisto;ZSIL;"Swisscanto Silver ETF-A CHF";CH0183135976;62.0;117.94;17.95;0.00;-7330.25;15723.91;CHF
13-10-2025 06:05:15;264872459;Acquisto;XRP;"XRP";EX0X00XRP000;400.0;2.55657;10.23;0.00;-1032.86;16757.76;USD
13-10-2025 05:33:52;264869434;Acquisto;BTC;"BTC";EX0X00XBT000;0.00008696;115000.00;0.10;0.00;-10.10;17790.62;USD
13-10-2025 05:33:52;264869434;Acquisto;BTC;"BTC";EX0X00XBT000;0.00991304;115000.00;11.40;0.00;-1151.40;17800.72;USD
13-10-2025 05:31:55;264869347;Acquisto;ETH;"ETH";EX0X00ETH000;0.25;4150.00;10.38;0.00;-1047.88;18952.12;USD
13-10-2025 05:04:59;264863992;Accredito Forex;;;;1.0;20000.00;0.00;0.00;20000.00;20000.00;USD
13-10-2025 05:04:59;264863992;Addebito Forex;;;;1.0;16175.62;0.00;0.00;-16175.62;23054.16;CHF
13-10-2025 04:16:11;00000000;Pagamento;;;;1.0;100.00;0.00;0.00;100.00;39229.78;CHF
13-10-2025 01:36:04;00000000;Pagamento;;;;1.0;10000.00;0.00;0.00;10000.00;39129.78;CHF
13-10-2025 01:26:29;00000000;Pagamento;;;;1.0;5000.00;0.00;0.00;5000.00;29129.78;CHF
13-10-2025 01:26:23;00000000;Pagamento;;;;1.0;10000.00;0.00;0.00;10000.00;24129.78;CHF
13-10-2025 01:02:32;00000000;Pagamento;;;;1.0;10000.00;0.00;0.00;10000.00;14129.78;CHF
10-10-2025 21:12:01;264642967;Accredito Forex;;;;1.0;3225.18;0.00;0.00;3225.18;4129.78;CHF
10-10-2025 21:12:01;264642967;Addebito Forex;;;;1.0;4063.43;0.00;0.00;-4063.43;0.00;USD
10-10-2025 21:11:25;264643027;Accredito Forex;;;;1.0;870.04;0.00;0.00;870.04;904.60;CHF
10-10-2025 21:11:25;264643027;Addebito Forex;;;;1.0;944.34;0.00;0.00;-944.34;0.00;EUR
10-10-2025 21:01:13;264641297;Vendita;XRP;"XRP";EX0X00XRP000;169.94298519;2.33491;3.97;0.00;392.83;944.34;EUR
10-10-2025 20:52:10;264640362;Rettif. costi Borsa;NVDA;"NVIDIA ORD";US67066G1040;1.0;0.05;0.00;0.00;0.05;4063.43;USD
10-10-2025 20:52:08;264640362;Vendita;NVDA;"NVIDIA ORD";US67066G1040;11.0;187.0001;33.14;0.00;2023.86;4063.38;USD
10-10-2025 20:51:44;264640690;Rettif. costi Borsa;AMD;"ADVANCED MICRO DEVICES ORD";US0079031078;1.0;0.05;0.00;0.00;0.05;2039.52;USD
10-10-2025 20:51:41;264640690;Vendita;AMD;"ADVANCED MICRO DEVICES ORD";US0079031078;6.0;218.96;7.00;0.00;1306.76;2039.47;USD
10-10-2025 20:51:41;264640690;Vendita;AMD;"ADVANCED MICRO DEVICES ORD";US0079031078;2.0;218.96;2.67;0.00;435.25;732.71;USD
10-10-2025 20:51:41;264640690;Vendita;AMD;"ADVANCED MICRO DEVICES ORD";US0079031078;1.0;218.96;3.34;0.00;215.62;297.46;USD
09-10-2025 19:25:56;264481812;Acquisto;XRP;"XRP";EX0X00XRP000;34.0;2.41913;0.82;0.00;-83.07;551.51;EUR
08-10-2025 21:04:55;264356608;Acquisto;NVDA;"NVIDIA ORD";US67066G1040;6.0;188.4299;11.70;0.00;-1142.28;81.84;USD
08-10-2025 21:03:08;264356260;Acquisto;AMD;"ADVANCED MICRO DEVICES ORD";US0079031078;9.0;230.7296;33.11;0.00;-2109.68;1224.12;USD
08-10-2025 20:59:57;264356148;Rettif. costi Borsa;PLTR;"PALANTIR TECHNOLOGIES CL A ORD";US69608A1088;1.0;0.04;0.00;0.00;0.04;3333.80;USD
08-10-2025 20:59:56;264356148;Vendita;PLTR;"PALANTIR TECHNOLOGIES CL A ORD";US69608A1088;10.0;182.7504;12.78;0.00;1814.72;3333.76;USD
08-10-2025 20:56:15;264355488;Rettif. costi Borsa;RIVN;"RIVIAN AUTOMOTIVE CL A ORD";US76954A1034;1.0;0.03;0.00;0.00;0.03;1519.04;USD
08-10-2025 20:56:12;264355488;Vendita;RIVN;"RIVIAN AUTOMOTIVE CL A ORD";US76954A1034;100.0;13.0701;11.99;0.00;1295.02;1519.01;USD
08-10-2025 03:08:54;264247805;Vendita;ETH;"ETH";EX0X00ETH000;0.0699093;3843.30;2.69;0.00;265.99;634.58;EUR
08-10-2025 03:00:30;264247782;Vendita;BTC;"BTC";EX0X00XBT000;0.00331534;104800.00;3.47;0.00;343.98;368.59;EUR
07-10-2025 16:17:00;264193152;Acquisto;NVDA;"NVIDIA ORD";US67066G1040;3.0;188.60;2.84;0.00;-568.64;223.99;USD
07-10-2025 16:17:00;264193152;Acquisto;NVDA;"NVIDIA ORD";US67066G1040;2.0;188.60;3.57;0.00;-380.77;792.63;USD
07-10-2025 10:00:26;264121172;Acquisto;BTC;"BTC";EX0X00XBT000;0.00028338;105865.00;0.30;0.00;-30.30;24.61;EUR
07-10-2025 10:00:24;264121141;Acquisto;ETH;"ETH";EX0X00ETH000;0.00749045;4005.10;0.30;0.00;-30.30;54.91;EUR
07-10-2025 10:00:21;264120479;Acquisto;XRP;"XRP";EX0X00XRP000;11.79078433;2.54436;0.30;0.00;-30.30;85.21;EUR
06-10-2025 22:30:28;264010865;Acquisto;XRP;"XRP";EX0X00XRP000;38.9039966;2.56969;1.00;0.00;-100.97;115.51;EUR
06-10-2025 22:28:37;264009787;Acquisto;ETH;"ETH";EX0X00ETH000;0.06241885;4004.70;2.50;0.00;-252.47;216.48;EUR
06-10-2025 22:27:51;264009185;Acquisto;BTC;"BTC";EX0X00XBT000;0.00187587;106617.00;2.00;0.00;-202.00;468.95;EUR
06-10-2025 11:33:26;263882101;Accredito Forex;;;;1.0;1150.00;0.00;0.00;1150.00;34.56;CHF
06-10-2025 11:33:26;263882101;Addebito Forex;;;;1.0;1453.64;0.00;0.00;-1453.64;1173.40;USD
06-10-2025 09:20:26;263831467;Acquisto;ZGLD;"Swisscanto GOLD ETF";CH0139101593;12.0;931.2833;18.25;0.00;-11193.65;-1115.44;CHF
06-10-2025 06:48:49;263801845;Accredito Forex;;;;1.0;100.00;0.00;0.00;100.00;670.95;EUR
06-10-2025 06:48:49;263801845;Addebito Forex;;;;1.0;94.19;0.00;0.00;-94.19;10078.21;CHF
06-10-2025 04:12:02;00000000;Pagamento;;;;1.0;100.00;0.00;0.00;100.00;10172.40;CHF
06-10-2025 01:11:18;00000000;Pagamento;;;;1.0;10000.00;0.00;0.00;10000.00;10072.40;CHF
04-10-2025 06:24:33;263559720;Vendita;BTC;"BTC";EX0X00XBT000;0.00115;104176.00;1.20;0.00;118.60;570.95;EUR
03-10-2025 21:28:45;263525551;Acquisto;RIVN;"RIVIAN AUTOMOTIVE CL A ORD";US76954A1034;25.0;13.6099;3.51;0.00;-343.76;2627.04;USD
03-10-2025 21:06:52;263524069;Acquisto;PLTR;"PALANTIR TECHNOLOGIES CL A ORD";US69608A1088;7.0;174.50;6.83;0.00;-1228.33;2970.80;USD
03-10-2025 21:06:52;263524069;Acquisto;PLTR;"PALANTIR TECHNOLOGIES CL A ORD";US69608A1088;3.0;174.50;5.79;0.00;-529.29;4199.13;USD
03-10-2025 20:35:38;263521735;Acquisto;RIVN;"RIVIAN AUTOMOTIVE CL A ORD";US76954A1034;56.0;13.30;3.12;0.00;-747.92;4728.42;USD
03-10-2025 20:35:37;263521735;Acquisto;RIVN;"RIVIAN AUTOMOTIVE CL A ORD";US76954A1034;19.0;13.30;3.38;0.00;-256.08;5476.34;USD
03-10-2025 19:54:08;263518827;Rettif. costi Borsa;AMZN;"AMAZON COM ORD";US0231351067;1.0;0.02;0.00;0.00;0.02;5732.42;USD
03-10-2025 19:54:07;263518827;Vendita;AMZN;"AMAZON COM ORD";US0231351067;4.0;219.9302;6.34;0.00;873.38;5732.40;USD
03-10-2025 19:53:43;263518809;Rettif. costi Borsa;META;"META PLATFORMS CL A ORD";US30303M1027;1.0;0.03;0.00;0.00;0.03;4859.02;USD
03-10-2025 19:53:41;263518809;Vendita;META;"META PLATFORMS CL A ORD";US30303M1027;2.0;712.5416;12.17;0.00;1412.91;4858.99;USD
03-10-2025 19:52:03;263518469;Rettif. costi Borsa;ARM;"ARM HOLDINGS ADR";US0420682058;1.0;0.02;0.00;0.00;0.02;3446.08;USD
03-10-2025 19:52:01;263518469;Vendita;ARM;"ARM HOLDINGS ADR";US0420682058;3.0;151.30;2.69;0.00;451.21;3446.06;USD
03-10-2025 19:52:01;263518469;Vendita;ARM;"ARM HOLDINGS ADR";US0420682058;2.0;151.30;3.46;0.00;299.14;2994.85;USD
03-10-2025 16:49:16;263497841;Rettif. costi Borsa;AMD;"ADVANCED MICRO DEVICES ORD";US0079031078;1.0;0.02;0.00;0.00;0.02;2695.71;USD
03-10-2025 16:49:14;263497841;Vendita;AMD;"ADVANCED MICRO DEVICES ORD";US0079031078;5.0;167.4205;6.28;0.00;830.82;2695.69;USD
02-10-2025 17:19:36;262974232;Acquisto;ZGLD;"Swisscanto GOLD ETF";CH0139101593;2.0;909.70;13.20;0.00;-1832.60;72.40;CHF
02-10-2025 17:19:10;262974211;Accredito Forex;;;;1.0;1900.00;0.00;0.00;1900.00;1905.00;CHF
02-10-2025 17:19:10;262974211;Addebito Forex;;;;1.0;2399.87;0.00;0.00;-2399.87;1864.87;USD
02-10-2025 15:51:07;262953121;Accredito Forex;;;;1.0;5.00;0.00;0.00;5.00;5.00;CHF
02-10-2025 15:51:07;262953121;Addebito Forex;;;;1.0;6.33;0.00;0.00;-6.33;4264.74;USD
02-10-2025 15:32:47;262887324;Rettif. costi Borsa;AMD;"ADVANCED MICRO DEVICES ORD";US0079031078;1.0;0.02;0.00;0.00;0.02;4271.07;USD
02-10-2025 15:30:15;262887324;Vendita;AMD;"ADVANCED MICRO DEVICES ORD";US0079031078;5.0;168.63;6.28;0.00;836.87;4271.05;USD
02-10-2025 12:45:33;00000000;Dividendo;NVDA;"NVIDIA ORD";US67066G1040;1.0;0.26;0.08;0.00;0.18;3434.18;USD
02-10-2025 02:09:39;262786629;Vendita;ETH;"ETH";EX0X00ETH000;0.12190244;3732.00;4.55;0.00;450.39;452.35;EUR
02-10-2025 02:08:17;262785889;Vendita;ETH;"ETH";EX0X00ETH000;0.24;4375.00;10.50;0.00;1039.50;3434.00;USD
01-10-2025 21:09:53;262760603;Rettif. costi Borsa;ARM;"ARM HOLDINGS ADR";US0420682058;1.0;0.02;0.00;0.00;0.02;2394.50;USD
01-10-2025 21:09:52;262760603;Vendita;ARM;"ARM HOLDINGS ADR";US0420682058;3.0;150.57;2.69;0.00;449.02;2394.48;USD
01-10-2025 21:09:52;262760603;Vendita;ARM;"ARM HOLDINGS ADR";US0420682058;2.0;150.57;3.46;0.00;297.68;1945.46;USD
01-10-2025 17:29:13;262740666;Acquisto;META;"META PLATFORMS CL A ORD";US30303M1027;2.0;715.1888;12.15;0.00;-1442.53;1647.78;USD
01-10-2025 15:34:57;262472482;Rettif. costi Borsa;AMD;"ADVANCED MICRO DEVICES ORD";US0079031078;1.0;0.04;0.00;0.00;0.04;3090.31;USD
01-10-2025 15:34:13;262472501;Rettif. costi Borsa;ARM;"ARM HOLDINGS ADR";US0420682058;1.0;0.03;0.00;0.00;0.03;3090.27;USD
01-10-2025 15:33:45;262472482;Vendita;AMD;"ADVANCED MICRO DEVICES ORD";US0079031078;10.0;162.00;12.47;0.00;1607.53;3090.24;USD
01-10-2025 15:30:59;262472501;Vendita;ARM;"ARM HOLDINGS ADR";US0420682058;10.0;146.00;12.22;0.00;1447.78;1482.71;USD
